{
  "mean": [
    410.0002101035345,
    229.03288582393103,
    0.5790591878550393,
    418.070610954648,
    219.63509572971435,
    0.5984001956170514,
    401.79029078710647,
    220.28725980009352,
    0.5959879977717286,
    431.1731466565813,
    214.42496051107133,
    0.6338449194140378,
    392.86592755998885,
    215.93180005890983,
    0.6202960278661478,
    460.6558785211472,
    248.9792985462007,
    0.7257318083374273,
    370.39394628433956,
    249.4311246644883,
    0.7394734590890861,
    488.6989453633626,
    311.50208768390473,
    0.6917836485164506,
    348.7381931713649,
    311.7234715507144,
    0.7098087499006873,
    490.5381992885045,
    322.7156723567418,
    0.6496331494833741,
    344.8385489327567,
    320.9484668913342,
    0.6567965618201664,
    448.3326208932059,
    356.6801270076207,
    0.7758170311294851,
    398.5870946702503,
    357.16837483360655,
    0.7619490318355107,
    453.8369650159563,
    442.2602080390567,
    0.7204889107850336,
    391.5823806581043,
    443.2905858357747,
    0.6840625378258881,
    458.73858179364885,
    510.88045456295924,
    0.6468378846932735,
    391.87769758133663,
    511.7354331243606,
    0.6084835023752281,
    92.01323480549313,
    95.50042220863162,
    143.77349459951455,
    147.3032434384028,
    0.38095238095238093
  ],
  "scale": [
    145.81530944158405,
    184.13853947519212,
    0.14535049224905422,
    149.43259908200505,
    184.97601564756167,
    0.14489977321256786,
    143.8330141958597,
    185.12541466132862,
    0.1343306458820344,
    150.68716699998888,
    175.53507148677588,
    0.1316231821403094,
    140.234641769036,
    175.93746488903818,
    0.13503280195003237,
    154.5504873648849,
    161.27626326594537,
    0.14268715920042094,
    129.33720583429903,
    160.27366358487794,
    0.1310140773559755,
    160.61252870114592,
    181.3220660736179,
    0.15287353978289892,
    130.54303751596572,
    179.94256917382972,
    0.15686838578354614,
    160.88414288390928,
    226.22040653064235,
    0.1599369676922197,
    127.14442090080782,
    228.87537164559058,
    0.17390950385412396,
    134.42244178499467,
    187.81431364217994,
    0.10461965857394907,
    114.32935804870425,
    187.38544075546068,
    0.10978951147398465,
    135.28695804285863,
    247.58989716938248,
    0.156341826806238,
    110.2346850024183,
    250.78496355090144,
    0.17849708847694273,
    141.99798092771152,
    293.77781086988495,
    0.22507601963453214,
    118.7653734338626,
    297.7467231282878,
    0.24915521451603392,
    66.00112415741462,
    65.63090918693875,
    46.22939354223727,
    45.25868980762171,
    0.5753831415997422
  ]
}